{
	"IcoMoonType": "selection",
	"icons": [
		{
			"icon": {
				"paths": [
					"M576 706.612v-52.78c70.498-39.728 128-138.772 128-237.832 0-159.058 0-288-192-288s-192 128.942-192 288c0 99.060 57.502 198.104 128 237.832v52.78c-217.102 17.748-384 124.42-384 253.388h896c0-128.968-166.898-235.64-384-253.388z"
				],
				"attrs": [],
				"tags": [
					"user",
					"profile",
					"avatar",
					"person",
					"member"
				],
				"defaultCode": 57733,
				"grid": 16
			},
			"attrs": [],
			"properties": {
				"order": 4,
				"id": 1628,
				"prevSize": 32,
				"code": 59761,
				"ligatures": "user, profile2",
				"name": "user"
			},
			"setIdx": 0,
			"setId": 0,
			"iconIdx": 113
		},
		{
			"icon": {
				"paths": [
					"M768 770.612v-52.78c70.498-39.728 128-138.772 128-237.832 0-159.058 0-288-192-288s-192 128.942-192 288c0 99.060 57.502 198.104 128 237.832v52.78c-217.102 17.748-384 124.42-384 253.388h896c0-128.968-166.898-235.64-384-253.388z",
					"M327.196 795.328c55.31-36.15 124.080-63.636 199.788-80.414-15.054-17.784-28.708-37.622-40.492-59.020-30.414-55.234-46.492-116.058-46.492-175.894 0-86.042 0-167.31 30.6-233.762 29.706-64.504 83.128-104.496 159.222-119.488-16.914-76.48-61.94-126.75-181.822-126.75-192 0-192 128.942-192 288 0 99.060 57.502 198.104 128 237.832v52.78c-217.102 17.748-384 124.42-384 253.388h279.006c14.518-12.91 30.596-25.172 48.19-36.672z"
				],
				"width": 1152,
				"attrs": [],
				"tags": [
					"users",
					"group",
					"team",
					"members",
					"community",
					"collaborate"
				],
				"defaultCode": 58908,
				"grid": 16
			},
			"attrs": [],
			"properties": {
				"id": 476,
				"order": 6,
				"prevSize": 32,
				"code": 59762,
				"ligatures": "users, group",
				"name": "users"
			},
			"setIdx": 0,
			"setId": 0,
			"iconIdx": 114
		},
		{
			"icon": {
				"paths": [
					"M384 736c0-151.234 95.874-280.486 230.032-330.2 16.28-36.538 25.968-77.164 25.968-117.8 0-159.058 0-288-192-288s-192 128.942-192 288c0 99.060 57.502 198.104 128 237.832v52.78c-217.102 17.748-384 124.42-384 253.388h397.306c-8.664-30.53-13.306-62.732-13.306-96z",
					"M736 448c-159.058 0-288 128.942-288 288s128.942 288 288 288c159.056 0 288-128.942 288-288s-128.942-288-288-288zM896 768h-128v128h-64v-128h-128v-64h128v-128h64v128h128v64z"
				],
				"width": 1024,
				"attrs": [],
				"tags": [
					"user-plus",
					"user",
					"user-add",
					"profile",
					"avatar",
					"person",
					"member"
				],
				"defaultCode": 57735,
				"grid": 16
			},
			"attrs": [],
			"properties": {
				"id": 478,
				"order": 5,
				"prevSize": 32,
				"code": 59763,
				"ligatures": "user-plus, user2",
				"name": "user-plus"
			},
			"setIdx": 0,
			"setId": 0,
			"iconIdx": 115
		},
		{
			"icon": {
				"paths": [
					"M384 736c0-151.234 95.874-280.486 230.032-330.2 16.28-36.538 25.968-77.164 25.968-117.8 0-159.058 0-288-192-288s-192 128.942-192 288c0 99.060 57.502 198.104 128 237.832v52.78c-217.102 17.748-384 124.42-384 253.388h397.306c-8.664-30.53-13.306-62.732-13.306-96z",
					"M736 448c-159.058 0-288 128.942-288 288s128.942 288 288 288c159.056 0 288-128.942 288-288s-128.942-288-288-288zM896 768h-320v-64h320v64z"
				],
				"width": 1024,
				"attrs": [],
				"tags": [
					"user-minus",
					"user",
					"user-remove",
					"profile",
					"avatar",
					"person",
					"member"
				],
				"defaultCode": 57737,
				"grid": 16
			},
			"attrs": [],
			"properties": {
				"id": 480,
				"order": 7,
				"prevSize": 32,
				"code": 59764,
				"ligatures": "user-minus, user3",
				"name": "user-minus"
			},
			"setIdx": 0,
			"setId": 0,
			"iconIdx": 116
		}
	],
	"height": 1024,
	"metadata": {
		"name": "icomoon"
	},
	"preferences": {
		"showGlyphs": true,
		"showQuickUse": true,
		"showQuickUse2": true,
		"showSVGs": true,
		"fontPref": {
			"prefix": "icon-",
			"metadata": {
				"fontFamily": "icomoon"
			},
			"metrics": {
				"emSize": 1024,
				"baseline": 6.25,
				"whitespace": 50
			}
		},
		"imagePref": {
			"prefix": "icon-",
			"png": true,
			"useClassSelector": true,
			"color": 4473924,
			"bgColor": 16777215
		},
		"historySize": 100,
		"showCodes": false
	}
}